Wall time,Step,Value
1699587565.1716554,0,0.5044541358947754
1699588008.4485254,1,0.016199234873056412
1699588445.8959835,2,0.004780710209161043
1699588879.4863274,3,0.0034872323740273714
1699589323.7632897,4,0.0033314593601971865
