Wall time,Step,Value
1699587572.5420506,0,0.024424642324447632
1699588015.9963171,1,0.0006153992144390941
1699588453.2881527,2,0.00021859328262507915
1699588886.6390283,3,0.00012807246821466833
1699589330.9593303,4,0.00010081619984703138
