Wall time,Step,Value
1699584219.3847973,0,0.1288737654685974
1699584260.51579,1,0.03568538278341293
1699584302.4493024,2,0.01719803549349308
1699584344.4327703,3,0.011916705407202244
1699584386.7684894,4,0.010125439614057541
