Wall time,Step,Value
1699584595.551833,0,0.6849825978279114
1699584631.7096403,1,0.6750313639640808
1699584668.3456173,2,0.6658161878585815
1699584703.80353,3,0.6583437323570251
1699584739.5347073,4,0.6526837348937988
