Wall time,Step,Value
1699584593.6847029,0,0.8037109375
1699584629.8478527,1,0.9998224377632141
1699584666.6880004,2,0.9999555945396423
1699584702.0160315,3,1.0
1699584737.8677864,4,1.0
